<?xml version="1.0" encoding="utf-8" ?>
<dwsync>
<file name="node.html" server="www.xaphp.com//www/phpnow/vhosts/test.xakc.net/cga/" local="130667165810000000" remote="130667165810000000" Dst="0" />
<file name="mootools.html" server="www.xaphp.com//www/phpnow/vhosts/test.xakc.net/cga/" local="130667165810000000" remote="130667165810000000" Dst="0" />
<file name="auto-height.html" server="www.xaphp.com//www/phpnow/vhosts/test.xakc.net/cga/" local="130667165770000000" remote="130667165770000000" Dst="0" />
<file name="file-dialog.html" server="www.xaphp.com//www/phpnow/vhosts/test.xakc.net/cga/" local="130667165800000000" remote="130667165800000000" Dst="0" />
<file name="dynamic-load.html" server="www.xaphp.com//www/phpnow/vhosts/test.xakc.net/cga/" local="130667165800000000" remote="130667165800000000" Dst="0" />
<file name="file-manager.html" server="www.xaphp.com//www/phpnow/vhosts/test.xakc.net/cga/" local="130667165800000000" remote="130667165800000000" Dst="0" />
<file name="total.html" server="www.xaphp.com//www/phpnow/vhosts/test.xakc.net/cga/" local="130667165830000000" remote="130667165830000000" Dst="0" />
<file name="paste-type.html" server="www.xaphp.com//www/phpnow/vhosts/test.xakc.net/cga/" local="130667165820000000" remote="130667165820000000" Dst="0" />
<file name="default.html" server="www.xaphp.com//www/phpnow/vhosts/test.xakc.net/cga/" local="130667165790000000" remote="130667165790000000" Dst="0" />
<file name="url-type.html" server="www.xaphp.com//www/phpnow/vhosts/test.xakc.net/cga/" local="130667165830000000" remote="130667165830000000" Dst="0" />
<file name="multi-image-dialog.html" server="www.xaphp.com//www/phpnow/vhosts/test.xakc.net/cga/" local="130667165810000000" remote="130667165810000000" Dst="0" />
<file name="uploadbutton.html" server="www.xaphp.com//www/phpnow/vhosts/test.xakc.net/cga/" local="130667165830000000" remote="130667165830000000" Dst="0" />
<file name="colorpicker.html" server="www.xaphp.com//www/phpnow/vhosts/test.xakc.net/cga/" local="130667165790000000" remote="130667165790000000" Dst="0" />
<file name="qqstyle.html" server="www.xaphp.com//www/phpnow/vhosts/test.xakc.net/cga/" local="130667165820000000" remote="130667165820000000" Dst="0" />
<file name="jquery-ui.html" server="www.xaphp.com//www/phpnow/vhosts/test.xakc.net/cga/" local="130667165810000000" remote="130667165810000000" Dst="0" />
<file name="custom-plugin.html" server="www.xaphp.com//www/phpnow/vhosts/test.xakc.net/cga/" local="130667165790000000" remote="130667165790000000" Dst="0" />
<file name="index.css" server="www.xaphp.com//www/phpnow/vhosts/test.xakc.net/cga/" local="130667165800000000" remote="130667165800000000" Dst="0" />
<file name="jquery.html" server="www.xaphp.com//www/phpnow/vhosts/test.xakc.net/cga/" local="130667165810000000" remote="130667165810000000" Dst="0" />
<file name="word-count.html" server="www.xaphp.com//www/phpnow/vhosts/test.xakc.net/cga/" local="130667165830000000" remote="130667165830000000" Dst="0" />
<file name="simple.html" server="www.xaphp.com//www/phpnow/vhosts/test.xakc.net/cga/" local="130667165820000000" remote="130667165820000000" Dst="0" />
<file name="readonly.html" server="www.xaphp.com//www/phpnow/vhosts/test.xakc.net/cga/" local="130667165820000000" remote="130667165820000000" Dst="0" />
<file name="image-dialog.html" server="www.xaphp.com//www/phpnow/vhosts/test.xakc.net/cga/" local="130667165800000000" remote="130667165800000000" Dst="0" />
<file name="newline.html" server="www.xaphp.com//www/phpnow/vhosts/test.xakc.net/cga/" local="130667165810000000" remote="130667165810000000" Dst="0" />
<file name="custom-theme.html" server="www.xaphp.com//www/phpnow/vhosts/test.xakc.net/cga/" local="130667165790000000" remote="130667165790000000" Dst="0" />
<file name="filter-mode.html" server="www.xaphp.com//www/phpnow/vhosts/test.xakc.net/cga/" local="130667165800000000" remote="130667165800000000" Dst="0" />
<file name="index.html" server="www.xaphp.com//www/phpnow/vhosts/test.xakc.net/cga/" local="130667165800000000" remote="130667165800000000" Dst="0" />
<file name="multi-language.html" server="www.xaphp.com//www/phpnow/vhosts/test.xakc.net/cga/" local="130667165810000000" remote="130667165810000000" Dst="0" />
<file name="dialog.html" server="www.xaphp.com//www/phpnow/vhosts/test.xakc.net/cga/" local="130667165790000000" remote="130667165790000000" Dst="0" />
</dwsync>